<?xml version="1.0" encoding="UTF-8"?><?xml-stylesheet type='text/xsl' href='_UpgradeReport_Files/UpgradeReport.xslt'?><UpgradeLog>
<Properties><Property Name="Solution" Value="MFCShowVideoTest">
</Property><Property Name="解决方案文件" Value="D:\学习\圣思园教程\opencv\OPENCV初级教学视频\MFC_第4节 MFC界面显示视频\MFCShowVideoTest\MFCShowVideoTest.sln">
</Property><Property Name="用户选项文件" Value="D:\学习\圣思园教程\opencv\OPENCV初级教学视频\MFC_第4节 MFC界面显示视频\MFCShowVideoTest\MFCShowVideoTest.suo">
</Property><Property Name="Date" Value="2014年4月14日">
</Property><Property Name="Time" Value="21:42">
</Property></Properties><Event ErrorLevel="0" Project="" Source="MFCShowVideoTest.sln" Description="文件已成功备份为 D:\学习\圣思园教程\opencv\OPENCV初级教学视频\MFC_第4节 MFC界面显示视频\MFCShowVideoTest\MFCShowVideoTest.sln.old">
</Event><Event ErrorLevel="0" Project="" Source="MFCShowVideoTest.suo" Description="文件已成功备份为 D:\学习\圣思园教程\opencv\OPENCV初级教学视频\MFC_第4节 MFC界面显示视频\MFCShowVideoTest\MFCShowVideoTest.suo.old">
</Event><Event ErrorLevel="0" Project="MFCShowVideoTest" Source="MFCShowVideoTest\MFCShowVideoTest.vcproj" Description="已不再支持对本地 IIS 服务器的 Web 部署。Web 部署生成工具已从项目设置中删除。">
</Event><Event ErrorLevel="1" Project="MFCShowVideoTest" Source="MFCShowVideoTest\MFCShowVideoTest.vcproj" Description="此应用程序已更新，包含了与 Windows Vista 的用户帐户控制(UAC)功能相关的设置。默认情况下，当运行在启用了 UAC 的 Windows Vista 上时，此应用程序被标记为以与启动它的进程相同的权限运行。此标记还禁止应用程序以虚拟化方式运行。您可以从此项目的属性页中更改与 UAC 相关的设置。">
</Event><Event ErrorLevel="0" Project="MFCShowVideoTest" Source="MFCShowVideoTest\MFCShowVideoTest.vcproj" Description="已成功地将项目文件备份为“D:\学习\圣思园教程\opencv\OPENCV初级教学视频\MFC_第4节 MFC界面显示视频\MFCShowVideoTest\MFCShowVideoTest\MFCShowVideoTest.vcproj.8.00.old”。">
</Event><Event ErrorLevel="0" Project="MFCShowVideoTest" Source="MFCShowVideoTest\MFCShowVideoTest.vcproj" Description="项目升级成功。">
</Event><Event ErrorLevel="3" Project="MFCShowVideoTest" Source="MFCShowVideoTest\MFCShowVideoTest.vcproj" Description="Converted">
</Event><Event ErrorLevel="0" Project="" Source="MFCShowVideoTest.sln" Description="成功转换解决方案">
</Event><Event ErrorLevel="3" Project="" Source="MFCShowVideoTest.sln" Description="Converted">
</Event></UpgradeLog>